__run_id,__done,run_number,tool,frequency,workload
run_17,DONE,r1,netdata,F_LOW,W_LOW
run_7,DONE,r1,baseline,F_LOW,W_MEDIUM
run_1,DONE,r1,baseline,F_HIGH,W_MEDIUM
run_31,DONE,r1,prometheus,F_MEDIUM,W_MEDIUM
run_4,DONE,r1,baseline,F_MEDIUM,W_MEDIUM
run_34,DONE,r1,prometheus,F_LOW,W_MEDIUM
run_5,DONE,r1,baseline,F_MEDIUM,W_LOW
run_30,DONE,r1,prometheus,F_MEDIUM,W_HIGH
run_26,DONE,r1,zipkin,F_LOW,W_LOW
run_43,DONE,r1,elastic,F_LOW,W_MEDIUM
run_35,DONE,r1,prometheus,F_LOW,W_LOW
run_25,DONE,r1,zipkin,F_LOW,W_MEDIUM
run_44,DONE,r1,elastic,F_LOW,W_LOW
run_0,DONE,r1,baseline,F_HIGH,W_HIGH
run_37,DONE,r1,elastic,F_HIGH,W_MEDIUM
run_42,DONE,r1,elastic,F_LOW,W_HIGH
run_24,DONE,r1,zipkin,F_LOW,W_HIGH
run_3,DONE,r1,baseline,F_MEDIUM,W_HIGH
run_38,DONE,r1,elastic,F_HIGH,W_LOW
run_15,DONE,r1,netdata,F_LOW,W_HIGH
run_29,DONE,r1,prometheus,F_HIGH,W_LOW
run_14,DONE,r1,netdata,F_MEDIUM,W_LOW
run_36,DONE,r1,elastic,F_HIGH,W_HIGH
run_12,DONE,r1,netdata,F_MEDIUM,W_HIGH
run_9,DONE,r1,netdata,F_HIGH,W_HIGH
run_20,DONE,r1,zipkin,F_HIGH,W_LOW
run_32,DONE,r1,prometheus,F_MEDIUM,W_LOW
run_8,DONE,r1,baseline,F_LOW,W_LOW
run_41,DONE,r1,elastic,F_MEDIUM,W_LOW
run_16,DONE,r1,netdata,F_LOW,W_MEDIUM
run_18,DONE,r1,zipkin,F_HIGH,W_HIGH
run_40,DONE,r1,elastic,F_MEDIUM,W_MEDIUM
run_27,DONE,r1,prometheus,F_HIGH,W_HIGH
run_13,DONE,r1,netdata,F_MEDIUM,W_MEDIUM
run_6,DONE,r1,baseline,F_LOW,W_HIGH
run_33,DONE,r1,prometheus,F_LOW,W_HIGH
run_11,DONE,r1,netdata,F_HIGH,W_LOW
run_2,DONE,r1,baseline,F_HIGH,W_LOW
run_28,DONE,r1,prometheus,F_HIGH,W_MEDIUM
run_10,DONE,r1,netdata,F_HIGH,W_MEDIUM
run_39,DONE,r1,elastic,F_MEDIUM,W_HIGH
run_21,DONE,r1,zipkin,F_MEDIUM,W_HIGH
run_19,DONE,r1,zipkin,F_HIGH,W_MEDIUM
run_22,DONE,r1,zipkin,F_MEDIUM,W_MEDIUM
run_23,DONE,r1,zipkin,F_MEDIUM,W_LOW
run_58,DONE,r2,baseline,F_MEDIUM,W_MEDIUM
run_85,DONE,r2,prometheus,F_MEDIUM,W_MEDIUM
run_86,DONE,r2,prometheus,F_MEDIUM,W_LOW
run_98,DONE,r2,elastic,F_LOW,W_LOW
run_93,DONE,r2,elastic,F_MEDIUM,W_HIGH
run_94,DONE,r2,elastic,F_MEDIUM,W_MEDIUM
run_96,DONE,r2,elastic,F_LOW,W_HIGH
run_71,DONE,r2,netdata,F_LOW,W_LOW
run_80,DONE,r2,zipkin,F_LOW,W_LOW
run_73,DONE,r2,zipkin,F_HIGH,W_MEDIUM
run_70,DONE,r2,netdata,F_LOW,W_MEDIUM
run_90,DONE,r2,elastic,F_HIGH,W_HIGH
run_77,DONE,r2,zipkin,F_MEDIUM,W_LOW
run_76,DONE,r2,zipkin,F_MEDIUM,W_MEDIUM
run_68,DONE,r2,netdata,F_MEDIUM,W_LOW
run_88,DONE,r2,prometheus,F_LOW,W_MEDIUM
run_59,DONE,r2,baseline,F_MEDIUM,W_LOW
run_97,DONE,r2,elastic,F_LOW,W_MEDIUM
run_91,DONE,r2,elastic,F_HIGH,W_MEDIUM
run_83,DONE,r2,prometheus,F_HIGH,W_LOW
run_79,DONE,r2,zipkin,F_LOW,W_MEDIUM
run_95,DONE,r2,elastic,F_MEDIUM,W_LOW
run_54,DONE,r2,baseline,F_HIGH,W_HIGH
run_74,DONE,r2,zipkin,F_HIGH,W_LOW
run_72,DONE,r2,zipkin,F_HIGH,W_HIGH
run_65,DONE,r2,netdata,F_HIGH,W_LOW
run_56,DONE,r2,baseline,F_HIGH,W_LOW
run_63,DONE,r2,netdata,F_HIGH,W_HIGH
run_66,DONE,r2,netdata,F_MEDIUM,W_HIGH
run_81,DONE,r2,prometheus,F_HIGH,W_HIGH
run_61,DONE,r2,baseline,F_LOW,W_MEDIUM
run_87,DONE,r2,prometheus,F_LOW,W_HIGH
run_57,DONE,r2,baseline,F_MEDIUM,W_HIGH
run_64,DONE,r2,netdata,F_HIGH,W_MEDIUM
run_75,DONE,r2,zipkin,F_MEDIUM,W_HIGH
run_78,DONE,r2,zipkin,F_LOW,W_HIGH
run_84,DONE,r2,prometheus,F_MEDIUM,W_HIGH
run_67,DONE,r2,netdata,F_MEDIUM,W_MEDIUM
run_69,DONE,r2,netdata,F_LOW,W_HIGH
run_82,DONE,r2,prometheus,F_HIGH,W_MEDIUM
run_55,DONE,r2,baseline,F_HIGH,W_MEDIUM
run_89,DONE,r2,prometheus,F_LOW,W_LOW
run_62,DONE,r2,baseline,F_LOW,W_LOW
run_60,DONE,r2,baseline,F_LOW,W_HIGH
run_92,DONE,r2,elastic,F_HIGH,W_LOW
run_150,DONE,r3,elastic,F_LOW,W_HIGH
run_139,DONE,r3,prometheus,F_MEDIUM,W_MEDIUM
run_151,DONE,r3,elastic,F_LOW,W_MEDIUM
run_123,DONE,r3,netdata,F_LOW,W_HIGH
run_118,DONE,r3,netdata,F_HIGH,W_MEDIUM
run_110,DONE,r3,baseline,F_HIGH,W_LOW
run_143,DONE,r3,prometheus,F_LOW,W_LOW
run_152,DONE,r3,elastic,F_LOW,W_LOW
run_135,DONE,r3,prometheus,F_HIGH,W_HIGH
run_137,DONE,r3,prometheus,F_HIGH,W_LOW
run_142,DONE,r3,prometheus,F_LOW,W_MEDIUM
run_145,DONE,r3,elastic,F_HIGH,W_MEDIUM
run_117,DONE,r3,netdata,F_HIGH,W_HIGH
run_136,DONE,r3,prometheus,F_HIGH,W_MEDIUM
run_134,DONE,r3,zipkin,F_LOW,W_LOW
run_132,DONE,r3,zipkin,F_LOW,W_HIGH
run_126,DONE,r3,zipkin,F_HIGH,W_HIGH
run_119,DONE,r3,netdata,F_HIGH,W_LOW
run_124,DONE,r3,netdata,F_LOW,W_MEDIUM
run_112,DONE,r3,baseline,F_MEDIUM,W_MEDIUM
run_120,DONE,r3,netdata,F_MEDIUM,W_HIGH
run_141,DONE,r3,prometheus,F_LOW,W_HIGH
run_131,DONE,r3,zipkin,F_MEDIUM,W_LOW
run_122,DONE,r3,netdata,F_MEDIUM,W_LOW
run_144,DONE,r3,elastic,F_HIGH,W_HIGH
run_116,DONE,r3,baseline,F_LOW,W_LOW
run_130,DONE,r3,zipkin,F_MEDIUM,W_MEDIUM
run_147,DONE,r3,elastic,F_MEDIUM,W_HIGH
run_113,DONE,r3,baseline,F_MEDIUM,W_LOW
run_140,DONE,r3,prometheus,F_MEDIUM,W_LOW
run_125,DONE,r3,netdata,F_LOW,W_LOW
run_133,DONE,r3,zipkin,F_LOW,W_MEDIUM
run_109,DONE,r3,baseline,F_HIGH,W_MEDIUM
run_121,DONE,r3,netdata,F_MEDIUM,W_MEDIUM
run_146,DONE,r3,elastic,F_HIGH,W_LOW
run_111,DONE,r3,baseline,F_MEDIUM,W_HIGH
run_114,DONE,r3,baseline,F_LOW,W_HIGH
run_148,DONE,r3,elastic,F_MEDIUM,W_MEDIUM
run_115,DONE,r3,baseline,F_LOW,W_MEDIUM
run_129,DONE,r3,zipkin,F_MEDIUM,W_HIGH
run_138,DONE,r3,prometheus,F_MEDIUM,W_HIGH
run_128,DONE,r3,zipkin,F_HIGH,W_LOW
run_127,DONE,r3,zipkin,F_HIGH,W_MEDIUM
run_108,DONE,r3,baseline,F_HIGH,W_HIGH
run_149,DONE,r3,elastic,F_MEDIUM,W_LOW
run_164,DONE,r4,baseline,F_HIGH,W_LOW
run_177,DONE,r4,netdata,F_LOW,W_HIGH
run_193,DONE,r4,prometheus,F_MEDIUM,W_MEDIUM
run_199,DONE,r4,elastic,F_HIGH,W_MEDIUM
run_183,DONE,r4,zipkin,F_MEDIUM,W_HIGH
run_179,DONE,r4,netdata,F_LOW,W_LOW
run_180,DONE,r4,zipkin,F_HIGH,W_HIGH
run_200,DONE,r4,elastic,F_HIGH,W_LOW
run_187,DONE,r4,zipkin,F_LOW,W_MEDIUM
run_170,DONE,r4,baseline,F_LOW,W_LOW
run_172,DONE,r4,netdata,F_HIGH,W_MEDIUM
run_192,DONE,r4,prometheus,F_MEDIUM,W_HIGH
run_178,DONE,r4,netdata,F_LOW,W_MEDIUM
run_185,DONE,r4,zipkin,F_MEDIUM,W_LOW
run_175,DONE,r4,netdata,F_MEDIUM,W_MEDIUM
run_182,DONE,r4,zipkin,F_HIGH,W_LOW
run_195,DONE,r4,prometheus,F_LOW,W_HIGH
run_174,DONE,r4,netdata,F_MEDIUM,W_HIGH
run_203,DONE,r4,elastic,F_MEDIUM,W_LOW
run_205,DONE,r4,elastic,F_LOW,W_MEDIUM
run_204,DONE,r4,elastic,F_LOW,W_HIGH
run_169,DONE,r4,baseline,F_LOW,W_MEDIUM
run_181,DONE,r4,zipkin,F_HIGH,W_MEDIUM
run_171,DONE,r4,netdata,F_HIGH,W_HIGH
run_163,DONE,r4,baseline,F_HIGH,W_MEDIUM
run_201,DONE,r4,elastic,F_MEDIUM,W_HIGH
run_190,DONE,r4,prometheus,F_HIGH,W_MEDIUM
run_197,DONE,r4,prometheus,F_LOW,W_LOW
run_198,DONE,r4,elastic,F_HIGH,W_HIGH
run_196,DONE,r4,prometheus,F_LOW,W_MEDIUM
run_194,DONE,r4,prometheus,F_MEDIUM,W_LOW
run_206,DONE,r4,elastic,F_LOW,W_LOW
run_166,DONE,r4,baseline,F_MEDIUM,W_MEDIUM
run_162,DONE,r4,baseline,F_HIGH,W_HIGH
run_173,DONE,r4,netdata,F_HIGH,W_LOW
run_176,DONE,r4,netdata,F_MEDIUM,W_LOW
run_191,DONE,r4,prometheus,F_HIGH,W_LOW
run_168,DONE,r4,baseline,F_LOW,W_HIGH
run_186,DONE,r4,zipkin,F_LOW,W_HIGH
run_202,DONE,r4,elastic,F_MEDIUM,W_MEDIUM
run_188,DONE,r4,zipkin,F_LOW,W_LOW
run_184,DONE,r4,zipkin,F_MEDIUM,W_MEDIUM
run_167,DONE,r4,baseline,F_MEDIUM,W_LOW
run_189,DONE,r4,prometheus,F_HIGH,W_HIGH
run_165,DONE,r4,baseline,F_MEDIUM,W_HIGH
run_259,DONE,r5,elastic,F_LOW,W_MEDIUM
run_226,DONE,r5,netdata,F_HIGH,W_MEDIUM
run_246,DONE,r5,prometheus,F_MEDIUM,W_HIGH
run_227,DONE,r5,netdata,F_HIGH,W_LOW
run_216,DONE,r5,baseline,F_HIGH,W_HIGH
run_258,DONE,r5,elastic,F_LOW,W_HIGH
run_247,DONE,r5,prometheus,F_MEDIUM,W_MEDIUM
run_240,DONE,r5,zipkin,F_LOW,W_HIGH
run_224,DONE,r5,baseline,F_LOW,W_LOW
run_256,DONE,r5,elastic,F_MEDIUM,W_MEDIUM
run_252,DONE,r5,elastic,F_HIGH,W_HIGH
run_223,DONE,r5,baseline,F_LOW,W_MEDIUM
run_220,DONE,r5,baseline,F_MEDIUM,W_MEDIUM
run_260,DONE,r5,elastic,F_LOW,W_LOW
run_249,DONE,r5,prometheus,F_LOW,W_HIGH
run_241,DONE,r5,zipkin,F_LOW,W_MEDIUM
run_245,DONE,r5,prometheus,F_HIGH,W_LOW
run_235,DONE,r5,zipkin,F_HIGH,W_MEDIUM
run_250,DONE,r5,prometheus,F_LOW,W_MEDIUM
run_231,DONE,r5,netdata,F_LOW,W_HIGH
run_233,DONE,r5,netdata,F_LOW,W_LOW
run_239,DONE,r5,zipkin,F_MEDIUM,W_LOW
run_248,DONE,r5,prometheus,F_MEDIUM,W_LOW
run_225,DONE,r5,netdata,F_HIGH,W_HIGH
run_230,DONE,r5,netdata,F_MEDIUM,W_LOW
run_218,DONE,r5,baseline,F_HIGH,W_LOW
run_217,DONE,r5,baseline,F_HIGH,W_MEDIUM
run_243,DONE,r5,prometheus,F_HIGH,W_HIGH
run_228,DONE,r5,netdata,F_MEDIUM,W_HIGH
run_257,DONE,r5,elastic,F_MEDIUM,W_LOW
run_244,DONE,r5,prometheus,F_HIGH,W_MEDIUM
run_219,DONE,r5,baseline,F_MEDIUM,W_HIGH
run_254,DONE,r5,elastic,F_HIGH,W_LOW
run_237,DONE,r5,zipkin,F_MEDIUM,W_HIGH
run_232,DONE,r5,netdata,F_LOW,W_MEDIUM
run_229,DONE,r5,netdata,F_MEDIUM,W_MEDIUM
run_221,DONE,r5,baseline,F_MEDIUM,W_LOW
run_222,DONE,r5,baseline,F_LOW,W_HIGH
run_253,DONE,r5,elastic,F_HIGH,W_MEDIUM
run_236,DONE,r5,zipkin,F_HIGH,W_LOW
run_251,DONE,r5,prometheus,F_LOW,W_LOW
run_238,DONE,r5,zipkin,F_MEDIUM,W_MEDIUM
run_242,DONE,r5,zipkin,F_LOW,W_LOW
run_234,DONE,r5,zipkin,F_HIGH,W_HIGH
run_255,DONE,r5,elastic,F_MEDIUM,W_HIGH
run_294,DONE,r6,zipkin,F_LOW,W_HIGH
run_272,DONE,r6,baseline,F_HIGH,W_LOW
run_276,DONE,r6,baseline,F_LOW,W_HIGH
run_283,DONE,r6,netdata,F_MEDIUM,W_MEDIUM
run_273,DONE,r6,baseline,F_MEDIUM,W_HIGH
run_286,DONE,r6,netdata,F_LOW,W_MEDIUM
run_313,DONE,r6,elastic,F_LOW,W_MEDIUM
run_284,DONE,r6,netdata,F_MEDIUM,W_LOW
run_279,DONE,r6,netdata,F_HIGH,W_HIGH
run_288,DONE,r6,zipkin,F_HIGH,W_HIGH
run_285,DONE,r6,netdata,F_LOW,W_HIGH
run_314,DONE,r6,elastic,F_LOW,W_LOW
run_296,DONE,r6,zipkin,F_LOW,W_LOW
run_309,DONE,r6,elastic,F_MEDIUM,W_HIGH
run_298,DONE,r6,prometheus,F_HIGH,W_MEDIUM
run_306,DONE,r6,elastic,F_HIGH,W_HIGH
run_310,DONE,r6,elastic,F_MEDIUM,W_MEDIUM
run_303,DONE,r6,prometheus,F_LOW,W_HIGH
run_305,DONE,r6,prometheus,F_LOW,W_LOW
run_308,DONE,r6,elastic,F_HIGH,W_LOW
run_277,DONE,r6,baseline,F_LOW,W_MEDIUM
run_311,DONE,r6,elastic,F_MEDIUM,W_LOW
run_300,DONE,r6,prometheus,F_MEDIUM,W_HIGH
run_281,DONE,r6,netdata,F_HIGH,W_LOW
run_270,DONE,r6,baseline,F_HIGH,W_HIGH
run_289,DONE,r6,zipkin,F_HIGH,W_MEDIUM
run_297,DONE,r6,prometheus,F_HIGH,W_HIGH
run_275,DONE,r6,baseline,F_MEDIUM,W_LOW
run_282,DONE,r6,netdata,F_MEDIUM,W_HIGH
run_304,DONE,r6,prometheus,F_LOW,W_MEDIUM
run_291,DONE,r6,zipkin,F_MEDIUM,W_HIGH
run_290,DONE,r6,zipkin,F_HIGH,W_LOW
run_293,DONE,r6,zipkin,F_MEDIUM,W_LOW
run_280,DONE,r6,netdata,F_HIGH,W_MEDIUM
run_271,DONE,r6,baseline,F_HIGH,W_MEDIUM
run_287,DONE,r6,netdata,F_LOW,W_LOW
run_307,DONE,r6,elastic,F_HIGH,W_MEDIUM
run_312,DONE,r6,elastic,F_LOW,W_HIGH
run_301,DONE,r6,prometheus,F_MEDIUM,W_MEDIUM
run_274,DONE,r6,baseline,F_MEDIUM,W_MEDIUM
run_295,DONE,r6,zipkin,F_LOW,W_MEDIUM
run_302,DONE,r6,prometheus,F_MEDIUM,W_LOW
run_278,DONE,r6,baseline,F_LOW,W_LOW
run_292,DONE,r6,zipkin,F_MEDIUM,W_MEDIUM
run_299,DONE,r6,prometheus,F_HIGH,W_LOW
run_331,DONE,r7,baseline,F_LOW,W_MEDIUM
run_340,DONE,r7,netdata,F_LOW,W_MEDIUM
run_333,DONE,r7,netdata,F_HIGH,W_HIGH
run_355,DONE,r7,prometheus,F_MEDIUM,W_MEDIUM
run_354,DONE,r7,prometheus,F_MEDIUM,W_HIGH
run_351,DONE,r7,prometheus,F_HIGH,W_HIGH
run_350,DONE,r7,zipkin,F_LOW,W_LOW
run_325,DONE,r7,baseline,F_HIGH,W_MEDIUM
run_334,DONE,r7,netdata,F_HIGH,W_MEDIUM
run_353,DONE,r7,prometheus,F_HIGH,W_LOW
run_368,DONE,r7,elastic,F_LOW,W_LOW
run_364,DONE,r7,elastic,F_MEDIUM,W_MEDIUM
run_367,DONE,r7,elastic,F_LOW,W_MEDIUM
run_330,DONE,r7,baseline,F_LOW,W_HIGH
run_338,DONE,r7,netdata,F_MEDIUM,W_LOW
run_328,DONE,r7,baseline,F_MEDIUM,W_MEDIUM
run_336,DONE,r7,netdata,F_MEDIUM,W_HIGH
run_344,DONE,r7,zipkin,F_HIGH,W_LOW
run_332,DONE,r7,baseline,F_LOW,W_LOW
run_349,DONE,r7,zipkin,F_LOW,W_MEDIUM
run_343,DONE,r7,zipkin,F_HIGH,W_MEDIUM
run_346,DONE,r7,zipkin,F_MEDIUM,W_MEDIUM
run_352,DONE,r7,prometheus,F_HIGH,W_MEDIUM
run_337,DONE,r7,netdata,F_MEDIUM,W_MEDIUM
run_347,DONE,r7,zipkin,F_MEDIUM,W_LOW
run_335,DONE,r7,netdata,F_HIGH,W_LOW
run_341,DONE,r7,netdata,F_LOW,W_LOW
run_327,DONE,r7,baseline,F_MEDIUM,W_HIGH
run_363,DONE,r7,elastic,F_MEDIUM,W_HIGH
run_359,DONE,r7,prometheus,F_LOW,W_LOW
run_324,DONE,r7,baseline,F_HIGH,W_HIGH
run_362,DONE,r7,elastic,F_HIGH,W_LOW
run_366,DONE,r7,elastic,F_LOW,W_HIGH
run_339,DONE,r7,netdata,F_LOW,W_HIGH
run_361,DONE,r7,elastic,F_HIGH,W_MEDIUM
run_348,DONE,r7,zipkin,F_LOW,W_HIGH
run_365,DONE,r7,elastic,F_MEDIUM,W_LOW
run_342,DONE,r7,zipkin,F_HIGH,W_HIGH
run_326,DONE,r7,baseline,F_HIGH,W_LOW
run_358,DONE,r7,prometheus,F_LOW,W_MEDIUM
run_360,DONE,r7,elastic,F_HIGH,W_HIGH
run_329,DONE,r7,baseline,F_MEDIUM,W_LOW
run_356,DONE,r7,prometheus,F_MEDIUM,W_LOW
run_345,DONE,r7,zipkin,F_MEDIUM,W_HIGH
run_357,DONE,r7,prometheus,F_LOW,W_HIGH
run_385,DONE,r8,baseline,F_LOW,W_MEDIUM
run_422,DONE,r8,elastic,F_LOW,W_LOW
run_401,DONE,r8,zipkin,F_MEDIUM,W_LOW
run_383,DONE,r8,baseline,F_MEDIUM,W_LOW
run_416,DONE,r8,elastic,F_HIGH,W_LOW
run_394,DONE,r8,netdata,F_LOW,W_MEDIUM
run_392,DONE,r8,netdata,F_MEDIUM,W_LOW
run_405,DONE,r8,prometheus,F_HIGH,W_HIGH
run_382,DONE,r8,baseline,F_MEDIUM,W_MEDIUM
run_399,DONE,r8,zipkin,F_MEDIUM,W_HIGH
run_404,DONE,r8,zipkin,F_LOW,W_LOW
run_414,DONE,r8,elastic,F_HIGH,W_HIGH
run_418,DONE,r8,elastic,F_MEDIUM,W_MEDIUM
run_380,DONE,r8,baseline,F_HIGH,W_LOW
run_400,DONE,r8,zipkin,F_MEDIUM,W_MEDIUM
run_378,DONE,r8,baseline,F_HIGH,W_HIGH
run_386,DONE,r8,baseline,F_LOW,W_LOW
run_390,DONE,r8,netdata,F_MEDIUM,W_HIGH
run_413,DONE,r8,prometheus,F_LOW,W_LOW
run_421,DONE,r8,elastic,F_LOW,W_MEDIUM
run_384,DONE,r8,baseline,F_LOW,W_HIGH
run_395,DONE,r8,netdata,F_LOW,W_LOW
run_409,DONE,r8,prometheus,F_MEDIUM,W_MEDIUM
run_410,DONE,r8,prometheus,F_MEDIUM,W_LOW
run_420,DONE,r8,elastic,F_LOW,W_HIGH
run_391,DONE,r8,netdata,F_MEDIUM,W_MEDIUM
run_407,DONE,r8,prometheus,F_HIGH,W_LOW
run_402,DONE,r8,zipkin,F_LOW,W_HIGH
run_379,DONE,r8,baseline,F_HIGH,W_MEDIUM
run_411,DONE,r8,prometheus,F_LOW,W_HIGH
run_393,DONE,r8,netdata,F_LOW,W_HIGH
run_415,DONE,r8,elastic,F_HIGH,W_MEDIUM
run_408,DONE,r8,prometheus,F_MEDIUM,W_HIGH
run_412,DONE,r8,prometheus,F_LOW,W_MEDIUM
run_388,DONE,r8,netdata,F_HIGH,W_MEDIUM
run_419,DONE,r8,elastic,F_MEDIUM,W_LOW
run_406,DONE,r8,prometheus,F_HIGH,W_MEDIUM
run_389,DONE,r8,netdata,F_HIGH,W_LOW
run_397,DONE,r8,zipkin,F_HIGH,W_MEDIUM
run_403,DONE,r8,zipkin,F_LOW,W_MEDIUM
run_396,DONE,r8,zipkin,F_HIGH,W_HIGH
run_381,DONE,r8,baseline,F_MEDIUM,W_HIGH
run_417,DONE,r8,elastic,F_MEDIUM,W_HIGH
run_398,DONE,r8,zipkin,F_HIGH,W_LOW
run_387,DONE,r8,netdata,F_HIGH,W_HIGH
run_435,DONE,r9,baseline,F_MEDIUM,W_HIGH
run_462,DONE,r9,prometheus,F_MEDIUM,W_HIGH
run_467,DONE,r9,prometheus,F_LOW,W_LOW
run_457,DONE,r9,zipkin,F_LOW,W_MEDIUM
run_445,DONE,r9,netdata,F_MEDIUM,W_MEDIUM
run_436,DONE,r9,baseline,F_MEDIUM,W_MEDIUM
run_458,DONE,r9,zipkin,F_LOW,W_LOW
run_443,DONE,r9,netdata,F_HIGH,W_LOW
run_470,DONE,r9,elastic,F_HIGH,W_LOW
run_456,DONE,r9,zipkin,F_LOW,W_HIGH
run_472,DONE,r9,elastic,F_MEDIUM,W_MEDIUM
run_471,DONE,r9,elastic,F_MEDIUM,W_HIGH
run_442,DONE,r9,netdata,F_HIGH,W_MEDIUM
run_438,DONE,r9,baseline,F_LOW,W_HIGH
run_454,DONE,r9,zipkin,F_MEDIUM,W_MEDIUM
run_453,DONE,r9,zipkin,F_MEDIUM,W_HIGH
run_451,DONE,r9,zipkin,F_HIGH,W_MEDIUM
run_444,DONE,r9,netdata,F_MEDIUM,W_HIGH
run_452,DONE,r9,zipkin,F_HIGH,W_LOW
run_476,DONE,r9,elastic,F_LOW,W_LOW
run_475,DONE,r9,elastic,F_LOW,W_MEDIUM
run_468,DONE,r9,elastic,F_HIGH,W_HIGH
run_449,DONE,r9,netdata,F_LOW,W_LOW
run_465,DONE,r9,prometheus,F_LOW,W_HIGH
run_432,DONE,r9,baseline,F_HIGH,W_HIGH
run_459,DONE,r9,prometheus,F_HIGH,W_HIGH
run_474,DONE,r9,elastic,F_LOW,W_HIGH
run_463,DONE,r9,prometheus,F_MEDIUM,W_MEDIUM
run_455,DONE,r9,zipkin,F_MEDIUM,W_LOW
run_447,DONE,r9,netdata,F_LOW,W_HIGH
run_450,DONE,r9,zipkin,F_HIGH,W_HIGH
run_473,DONE,r9,elastic,F_MEDIUM,W_LOW
run_441,DONE,r9,netdata,F_HIGH,W_HIGH
run_448,DONE,r9,netdata,F_LOW,W_MEDIUM
run_433,DONE,r9,baseline,F_HIGH,W_MEDIUM
run_464,DONE,r9,prometheus,F_MEDIUM,W_LOW
run_461,DONE,r9,prometheus,F_HIGH,W_LOW
run_437,DONE,r9,baseline,F_MEDIUM,W_LOW
run_434,DONE,r9,baseline,F_HIGH,W_LOW
run_460,DONE,r9,prometheus,F_HIGH,W_MEDIUM
run_466,DONE,r9,prometheus,F_LOW,W_MEDIUM
run_439,DONE,r9,baseline,F_LOW,W_MEDIUM
run_440,DONE,r9,baseline,F_LOW,W_LOW
run_446,DONE,r9,netdata,F_MEDIUM,W_LOW
run_469,DONE,r9,elastic,F_HIGH,W_MEDIUM
run_490,DONE,r10,baseline,F_MEDIUM,W_MEDIUM
run_514,DONE,r10,prometheus,F_HIGH,W_MEDIUM
run_498,DONE,r10,netdata,F_MEDIUM,W_HIGH
run_527,DONE,r10,elastic,F_MEDIUM,W_LOW
run_530,DONE,r10,elastic,F_LOW,W_LOW
run_503,DONE,r10,netdata,F_LOW,W_LOW
run_526,DONE,r10,elastic,F_MEDIUM,W_MEDIUM
run_515,DONE,r10,prometheus,F_HIGH,W_LOW
run_495,DONE,r10,netdata,F_HIGH,W_HIGH
run_502,DONE,r10,netdata,F_LOW,W_MEDIUM
run_529,DONE,r10,elastic,F_LOW,W_MEDIUM
run_528,DONE,r10,elastic,F_LOW,W_HIGH
run_516,DONE,r10,prometheus,F_MEDIUM,W_HIGH
run_493,DONE,r10,baseline,F_LOW,W_MEDIUM
run_510,DONE,r10,zipkin,F_LOW,W_HIGH
run_487,DONE,r10,baseline,F_HIGH,W_MEDIUM
run_517,DONE,r10,prometheus,F_MEDIUM,W_MEDIUM
run_512,DONE,r10,zipkin,F_LOW,W_LOW
run_520,DONE,r10,prometheus,F_LOW,W_MEDIUM
run_489,DONE,r10,baseline,F_MEDIUM,W_HIGH
run_511,DONE,r10,zipkin,F_LOW,W_MEDIUM
run_494,DONE,r10,baseline,F_LOW,W_LOW
run_492,DONE,r10,baseline,F_LOW,W_HIGH
run_509,DONE,r10,zipkin,F_MEDIUM,W_LOW
run_488,DONE,r10,baseline,F_HIGH,W_LOW
run_521,DONE,r10,prometheus,F_LOW,W_LOW
run_525,DONE,r10,elastic,F_MEDIUM,W_HIGH
run_522,DONE,r10,elastic,F_HIGH,W_HIGH
run_513,DONE,r10,prometheus,F_HIGH,W_HIGH
run_518,DONE,r10,prometheus,F_MEDIUM,W_LOW
run_491,DONE,r10,baseline,F_MEDIUM,W_LOW
run_504,DONE,r10,zipkin,F_HIGH,W_HIGH
run_505,DONE,r10,zipkin,F_HIGH,W_MEDIUM
run_519,DONE,r10,prometheus,F_LOW,W_HIGH
run_499,DONE,r10,netdata,F_MEDIUM,W_MEDIUM
run_501,DONE,r10,netdata,F_LOW,W_HIGH
run_496,DONE,r10,netdata,F_HIGH,W_MEDIUM
run_524,DONE,r10,elastic,F_HIGH,W_LOW
run_523,DONE,r10,elastic,F_HIGH,W_MEDIUM
run_506,DONE,r10,zipkin,F_HIGH,W_LOW
run_486,DONE,r10,baseline,F_HIGH,W_HIGH
run_500,DONE,r10,netdata,F_MEDIUM,W_LOW
run_507,DONE,r10,zipkin,F_MEDIUM,W_HIGH
run_497,DONE,r10,netdata,F_HIGH,W_LOW
run_508,DONE,r10,zipkin,F_MEDIUM,W_MEDIUM
